Gender,Married,Dependents,Education,Self_Employed,LoanAmount,Loan_Amount_Term,Credit_History,Loan_Status,Property_Area_Semiurban,Property_Area_Urban,Total_Income
0.0,1.0,0.0,0,0.0,,360.0,1.0,0,0,1,5849.0
0.0,0.0,1.0,0,0.0,128.0,360.0,1.0,1,0,0,6091.0
0.0,0.0,0.0,0,1.0,66.0,360.0,1.0,0,0,1,3000.0
0.0,0.0,0.0,1,0.0,120.0,360.0,1.0,0,0,1,4941.0
0.0,1.0,0.0,0,0.0,141.0,360.0,1.0,0,0,1,6000.0
0.0,0.0,2.0,0,1.0,267.0,360.0,1.0,0,0,1,9613.0
0.0,0.0,0.0,1,0.0,95.0,360.0,1.0,0,0,1,3849.0
0.0,0.0,3.0,0,0.0,158.0,360.0,0.0,1,1,0,5540.0
0.0,0.0,2.0,0,0.0,168.0,360.0,1.0,0,0,1,5532.0
0.0,0.0,1.0,0,0.0,349.0,360.0,1.0,1,1,0,23809.0
0.0,0.0,2.0,0,0.0,70.0,360.0,1.0,0,0,1,3900.0
0.0,0.0,2.0,0,,109.0,360.0,1.0,0,0,1,4340.0
0.0,0.0,2.0,0,0.0,200.0,360.0,1.0,0,0,1,11179.0
0.0,1.0,0.0,0,0.0,114.0,360.0,1.0,1,0,0,4693.0
0.0,0.0,2.0,0,0.0,17.0,120.0,1.0,0,0,1,2385.0
0.0,1.0,0.0,0,0.0,125.0,360.0,1.0,0,0,1,4950.0
0.0,1.0,1.0,1,0.0,100.0,240.0,,0,0,1,3596.0
1.0,1.0,0.0,0,0.0,76.0,360.0,0.0,1,0,1,3510.0
0.0,0.0,0.0,1,0.0,133.0,360.0,1.0,1,0,0,4887.0
0.0,0.0,0.0,0,,115.0,,1.0,0,0,1,6100.0
0.0,0.0,0.0,1,0.0,104.0,360.0,0.0,1,0,1,7660.0
0.0,0.0,1.0,0,0.0,315.0,360.0,1.0,0,0,1,11580.0
0.0,0.0,0.0,1,0.0,116.0,360.0,0.0,1,1,0,4511.0
,0.0,2.0,1,0.0,112.0,360.0,0.0,1,0,0,5282.0
0.0,0.0,1.0,0,,151.0,360.0,,1,1,0,6642.0
0.0,0.0,0.0,0,1.0,191.0,360.0,1.0,0,1,0,9560.0
0.0,0.0,0.0,0,0.0,122.0,360.0,1.0,0,1,0,5052.0
0.0,0.0,2.0,1,0.0,110.0,360.0,1.0,0,0,1,5266.0
0.0,1.0,0.0,1,0.0,35.0,360.0,1.0,1,0,1,1442.0
1.0,1.0,2.0,0,,120.0,360.0,1.0,0,1,0,5833.0
0.0,0.0,1.0,0,,201.0,360.0,,1,0,1,7535.0
0.0,1.0,0.0,0,0.0,74.0,360.0,1.0,1,0,1,3167.0
0.0,1.0,1.0,0,1.0,106.0,360.0,1.0,1,0,0,4692.0
0.0,0.0,0.0,0,0.0,114.0,360.0,1.0,0,1,0,5167.0
0.0,1.0,3.0,0,0.0,320.0,360.0,1.0,1,0,0,15500.0
0.0,0.0,0.0,0,0.0,,360.0,1.0,0,0,1,4342.0
0.0,0.0,0.0,0,0.0,100.0,,0.0,1,0,1,3158.0
1.0,0.0,0.0,0,0.0,144.0,360.0,1.0,0,1,0,5126.0
0.0,1.0,0.0,0,0.0,184.0,360.0,1.0,0,0,1,11376.0
0.0,1.0,0.0,1,0.0,110.0,360.0,1.0,0,1,0,5416.0
0.0,1.0,0.0,0,0.0,80.0,360.0,1.0,1,0,1,3600.0
0.0,1.0,0.0,0,0.0,47.0,360.0,1.0,0,0,1,3013.0
0.0,0.0,0.0,0,0.0,75.0,360.0,,0,0,1,2400.0
0.0,0.0,0.0,0,0.0,134.0,360.0,1.0,0,1,0,6277.0
0.0,0.0,0.0,1,1.0,96.0,,1.0,0,0,1,4695.0
1.0,1.0,0.0,0,0.0,88.0,,1.0,0,0,1,3410.0
0.0,0.0,1.0,0,0.0,44.0,360.0,1.0,0,0,1,5649.0
0.0,0.0,0.0,0,0.0,144.0,360.0,1.0,0,0,1,5821.0
1.0,0.0,0.0,0,0.0,120.0,360.0,0.0,1,0,1,6085.0
1.0,1.0,0.0,0,0.0,144.0,360.0,1.0,0,1,0,6275.0
1.0,0.0,0.0,1,0.0,100.0,360.0,1.0,0,1,0,3572.0
1.0,1.0,0.0,0,0.0,120.0,360.0,1.0,0,1,0,3086.0
1.0,1.0,0.0,0,0.0,112.0,360.0,1.0,1,1,0,4230.0
0.0,0.0,2.0,0,0.0,134.0,360.0,1.0,1,0,1,4616.0
1.0,0.0,1.0,0,1.0,286.0,360.0,0.0,1,0,1,11500.0
0.0,0.0,2.0,0,0.0,97.0,360.0,1.0,0,1,0,3875.0
0.0,0.0,0.0,0,0.0,96.0,360.0,1.0,0,1,0,3723.0
0.0,0.0,0.0,0,0.0,135.0,360.0,1.0,1,0,0,5566.0
0.0,0.0,1.0,0,0.0,180.0,360.0,1.0,0,0,1,10330.0
0.0,0.0,2.0,1,0.0,144.0,360.0,1.0,0,0,1,6216.0
0.0,0.0,0.0,0,0.0,120.0,360.0,1.0,0,0,1,6296.0
0.0,0.0,3.0,0,0.0,99.0,360.0,1.0,0,0,1,3029.0
0.0,0.0,0.0,1,1.0,165.0,180.0,0.0,1,0,0,6058.0
0.0,0.0,1.0,0,0.0,,360.0,0.0,1,0,0,4945.0
1.0,1.0,0.0,0,0.0,116.0,360.0,0.0,1,1,0,4166.0
0.0,0.0,0.0,0,0.0,258.0,360.0,1.0,1,1,0,10321.0
0.0,1.0,0.0,1,0.0,126.0,180.0,0.0,1,0,1,5454.0
0.0,0.0,1.0,0,0.0,312.0,360.0,1.0,0,0,1,10750.0
0.0,0.0,3.0,1,1.0,125.0,60.0,1.0,0,0,1,7100.0
1.0,1.0,0.0,0,0.0,136.0,360.0,0.0,1,1,0,4300.0
0.0,0.0,0.0,0,0.0,172.0,360.0,1.0,0,0,1,6274.0
0.0,0.0,2.0,1,1.0,97.0,360.0,1.0,0,1,0,3750.0
0.0,1.0,0.0,0,0.0,81.0,300.0,1.0,0,1,0,3500.0
0.0,0.0,3.0,1,0.0,95.0,,0.0,1,1,0,4755.0
0.0,0.0,3.0,0,1.0,187.0,360.0,1.0,0,1,0,7040.0
0.0,1.0,0.0,0,0.0,113.0,480.0,1.0,1,0,1,3750.0
0.0,1.0,0.0,0,0.0,176.0,360.0,1.0,1,0,1,8500.0
0.0,0.0,1.0,0,1.0,110.0,360.0,1.0,1,0,1,4022.0
0.0,0.0,3.0,0,0.0,180.0,300.0,0.0,1,1,0,7167.0
0.0,0.0,3.0,1,1.0,130.0,360.0,,0,1,0,5499.0
1.0,1.0,0.0,0,0.0,111.0,360.0,1.0,0,1,0,3846.0
0.0,0.0,1.0,0,1.0,,360.0,1.0,0,1,0,2395.0
1.0,0.0,2.0,0,0.0,167.0,360.0,1.0,1,0,1,3259.0
0.0,0.0,0.0,0,0.0,265.0,360.0,,1,1,0,8250.0
0.0,0.0,1.0,0,0.0,50.0,240.0,1.0,0,0,1,3988.0
0.0,1.0,0.0,0,0.0,136.0,360.0,1.0,0,1,0,4897.0
0.0,0.0,2.0,1,0.0,99.0,360.0,,0,1,0,5333.0
0.0,0.0,0.0,0,0.0,104.0,360.0,1.0,0,1,0,4618.0
0.0,1.0,0.0,0,0.0,210.0,360.0,1.0,0,0,1,8566.0
0.0,0.0,0.0,0,0.0,175.0,360.0,1.0,0,1,0,9862.0
0.0,0.0,0.0,0,0.0,131.0,360.0,1.0,0,1,0,5858.0
0.0,0.0,2.0,0,0.0,188.0,180.0,1.0,0,1,0,11904.0
0.0,0.0,2.0,1,0.0,81.0,360.0,1.0,0,0,1,5093.0
0.0,1.0,0.0,0,0.0,122.0,360.0,1.0,0,1,0,4133.0
0.0,1.0,0.0,1,0.0,25.0,120.0,1.0,0,1,0,3620.0
0.0,1.0,0.0,0,,,360.0,,1,0,1,6782.0
1.0,0.0,0.0,0,0.0,137.0,360.0,1.0,0,1,0,4786.0
0.0,0.0,0.0,0,0.0,50.0,360.0,1.0,0,1,0,2974.0
0.0,0.0,0.0,1,0.0,115.0,180.0,1.0,0,1,0,4188.0
0.0,0.0,0.0,0,0.0,131.0,360.0,1.0,0,1,0,5300.0
0.0,0.0,2.0,1,0.0,133.0,180.0,1.0,0,0,1,7551.0
0.0,1.0,0.0,0,0.0,151.0,360.0,1.0,0,1,0,8649.0
0.0,0.0,,0,0.0,,360.0,1.0,0,0,1,13650.0
0.0,0.0,0.0,0,0.0,,360.0,1.0,0,1,0,8235.0
0.0,,,0,0.0,160.0,360.0,1.0,0,0,1,4570.0
0.0,0.0,1.0,0,0.0,100.0,360.0,1.0,0,0,1,4082.0
0.0,0.0,2.0,0,0.0,225.0,360.0,1.0,0,0,1,12543.0
0.0,1.0,0.0,1,,120.0,360.0,1.0,1,0,0,7333.0
0.0,0.0,2.0,0,0.0,216.0,360.0,0.0,1,0,1,7400.0
0.0,0.0,3.0,1,0.0,94.0,480.0,1.0,0,1,0,2825.0
0.0,1.0,0.0,0,0.0,136.0,360.0,1.0,0,0,1,5316.0
1.0,0.0,0.0,0,,139.0,360.0,1.0,0,1,0,5262.0
0.0,0.0,0.0,1,0.0,152.0,,0.0,1,0,0,7686.0
1.0,1.0,1.0,0,1.0,,360.0,1.0,0,1,0,7451.0
0.0,1.0,0.0,0,,118.0,360.0,1.0,0,1,0,5050.0
0.0,0.0,1.0,0,0.0,185.0,180.0,1.0,0,0,0,14583.0
1.0,0.0,0.0,0,0.0,154.0,360.0,1.0,0,1,0,5450.0
0.0,0.0,1.0,0,0.0,85.0,360.0,,0,0,1,3612.0
0.0,0.0,0.0,0,0.0,175.0,360.0,1.0,1,0,0,7710.0
1.0,1.0,0.0,0,0.0,259.0,360.0,1.0,0,0,1,10408.0
0.0,0.0,,0,0.0,180.0,360.0,1.0,0,0,0,8334.0
1.0,1.0,0.0,0,0.0,44.0,360.0,1.0,0,1,0,4166.0
1.0,1.0,0.0,0,0.0,137.0,360.0,0.0,0,1,0,11117.0
0.0,0.0,2.0,0,0.0,81.0,360.0,1.0,0,1,0,2957.0
0.0,0.0,0.0,1,0.0,194.0,360.0,1.0,0,0,0,6314.0
1.0,1.0,0.0,0,0.0,93.0,360.0,,0,0,0,3692.0
,0.0,3.0,0,0.0,370.0,360.0,1.0,0,0,0,23803.0
0.0,1.0,0.0,0,0.0,,360.0,1.0,0,0,0,5505.0
0.0,0.0,1.0,0,1.0,160.0,180.0,0.0,1,0,1,14363.0
0.0,0.0,0.0,0,0.0,182.0,360.0,,1,0,0,8649.0
0.0,1.0,0.0,0,1.0,650.0,480.0,,0,0,1,20166.0
0.0,1.0,0.0,0,0.0,74.0,360.0,1.0,0,0,1,3943.0
0.0,1.0,0.0,0,0.0,70.0,360.0,1.0,0,1,0,2718.0
0.0,0.0,0.0,0,1.0,25.0,120.0,1.0,0,1,0,3459.0
0.0,1.0,0.0,0,0.0,102.0,360.0,1.0,0,1,0,4895.0
0.0,0.0,3.0,0,0.0,290.0,360.0,1.0,1,1,0,11750.0
1.0,0.0,0.0,0,0.0,84.0,360.0,1.0,1,0,0,4583.0
0.0,0.0,2.0,0,1.0,88.0,360.0,1.0,0,0,1,6816.0
0.0,1.0,0.0,0,0.0,242.0,360.0,0.0,1,1,0,14999.0
0.0,0.0,2.0,1,0.0,129.0,360.0,1.0,1,0,0,5630.0
0.0,0.0,2.0,0,0.0,185.0,360.0,1.0,1,0,0,7125.0
0.0,1.0,0.0,0,0.0,168.0,360.0,1.0,0,0,1,5417.0
0.0,1.0,0.0,0,1.0,175.0,180.0,1.0,0,1,0,6950.0
0.0,0.0,0.0,0,0.0,122.0,360.0,1.0,0,1,0,4732.0
0.0,0.0,2.0,0,0.0,187.0,180.0,1.0,0,0,1,11757.0
1.0,0.0,0.0,0,0.0,100.0,360.0,1.0,0,1,0,6816.0
1.0,0.0,2.0,0,0.0,70.0,360.0,1.0,0,0,1,14866.0
0.0,0.0,1.0,0,0.0,30.0,360.0,1.0,0,0,1,2963.0
1.0,1.0,0.0,0,0.0,225.0,360.0,1.0,1,0,0,11666.0
0.0,0.0,0.0,0,0.0,125.0,360.0,1.0,0,1,0,5690.0
0.0,1.0,0.0,0,0.0,118.0,360.0,0.0,1,0,0,6277.0
0.0,0.0,0.0,0,1.0,152.0,360.0,1.0,0,0,0,6327.0
0.0,1.0,0.0,0,0.0,244.0,360.0,1.0,1,0,1,9166.0
0.0,0.0,2.0,1,0.0,113.0,360.0,1.0,1,0,0,2281.0
0.0,1.0,0.0,0,0.0,50.0,360.0,1.0,0,0,1,3254.0
0.0,0.0,1.0,0,0.0,160.0,360.0,,0,0,0,6000.0
0.0,0.0,1.0,0,0.0,187.0,360.0,1.0,0,0,1,9538.0
0.0,1.0,0.0,0,,120.0,360.0,1.0,0,0,0,5063.0
0.0,0.0,0.0,0,0.0,255.0,360.0,1.0,0,1,0,10208.0
0.0,0.0,0.0,1,0.0,98.0,360.0,1.0,0,1,0,2904.0
0.0,0.0,0.0,0,0.0,275.0,360.0,1.0,1,0,1,7933.0
0.0,0.0,1.0,0,0.0,121.0,360.0,0.0,1,1,0,4369.0
0.0,0.0,2.0,0,0.0,158.0,360.0,1.0,0,0,0,5614.0
0.0,0.0,0.0,0,0.0,75.0,180.0,1.0,0,0,1,9323.0
0.0,0.0,0.0,0,0.0,182.0,,1.0,0,0,0,6873.0
1.0,0.0,0.0,0,0.0,112.0,360.0,1.0,1,0,0,4583.0
0.0,0.0,0.0,0,0.0,129.0,360.0,1.0,0,0,0,5772.0
0.0,1.0,0.0,0,0.0,63.0,480.0,0.0,1,1,0,2237.0
0.0,0.0,2.0,0,0.0,200.0,360.0,1.0,0,1,0,8000.0
0.0,0.0,0.0,1,,95.0,360.0,1.0,0,0,0,3589.0
0.0,0.0,3.0,1,0.0,81.0,180.0,1.0,1,0,0,3522.0
0.0,0.0,0.0,0,0.0,187.0,360.0,1.0,0,1,0,11333.0
0.0,0.0,0.0,1,1.0,87.0,360.0,1.0,1,1,0,5080.0
0.0,0.0,0.0,0,0.0,116.0,360.0,1.0,0,0,0,5461.0
0.0,0.0,2.0,0,0.0,101.0,360.0,1.0,0,0,0,3664.0
0.0,0.0,3.0,0,0.0,495.0,360.0,0.0,1,1,0,16816.0
0.0,0.0,1.0,0,0.0,116.0,360.0,1.0,0,1,0,3750.0
0.0,1.0,0.0,1,0.0,102.0,480.0,0.0,1,0,1,3784.0
0.0,0.0,1.0,0,0.0,180.0,360.0,0.0,1,0,1,13650.0
0.0,1.0,0.0,0,0.0,67.0,360.0,,1,0,0,6979.0
0.0,0.0,0.0,0,0.0,73.0,180.0,1.0,0,1,0,4600.0
1.0,0.0,0.0,0,0.0,108.0,360.0,1.0,0,1,0,3625.0
0.0,0.0,1.0,0,1.0,66.0,300.0,0.0,1,0,0,2178.0
0.0,0.0,0.0,0,0.0,58.0,360.0,,0,0,0,4521.0
,0.0,0.0,0,1.0,168.0,360.0,1.0,0,0,0,5970.0
0.0,0.0,0.0,0,0.0,188.0,180.0,1.0,0,0,0,9328.0
0.0,1.0,0.0,1,0.0,48.0,360.0,1.0,0,0,0,4885.0
0.0,1.0,0.0,0,0.0,164.0,360.0,1.0,1,1,0,12000.0
0.0,0.0,0.0,1,0.0,160.0,360.0,1.0,1,0,1,6033.0
0.0,1.0,0.0,0,0.0,76.0,360.0,1.0,0,1,0,3858.0
0.0,1.0,0.0,0,0.0,120.0,360.0,1.0,0,0,0,4191.0
0.0,0.0,1.0,0,0.0,170.0,360.0,1.0,1,1,0,5708.0
0.0,1.0,0.0,0,0.0,187.0,360.0,1.0,0,0,0,12083.0
1.0,1.0,0.0,1,0.0,120.0,,1.0,0,0,1,4272.0
1.0,0.0,0.0,0,0.0,113.0,360.0,,0,1,0,6232.0
0.0,1.0,0.0,0,1.0,83.0,360.0,1.0,1,0,1,11000.0
0.0,0.0,1.0,1,0.0,90.0,360.0,1.0,0,1,0,5100.0
0.0,1.0,2.0,0,0.0,166.0,360.0,0.0,0,1,0,4923.0
0.0,0.0,3.0,1,0.0,,180.0,1.0,1,0,1,3992.0
0.0,0.0,1.0,1,0.0,135.0,360.0,1.0,0,0,1,4583.0
0.0,0.0,2.0,1,0.0,124.0,360.0,1.0,0,1,0,3917.0
1.0,1.0,0.0,1,0.0,120.0,360.0,1.0,0,1,0,4408.0
1.0,1.0,0.0,0,0.0,80.0,360.0,1.0,0,0,1,3244.0
0.0,1.0,0.0,1,0.0,55.0,360.0,1.0,0,0,0,6506.0
0.0,1.0,0.0,0,0.0,59.0,360.0,1.0,0,0,1,2479.0
0.0,1.0,0.0,0,0.0,127.0,360.0,1.0,1,1,0,3418.0
1.0,1.0,0.0,0,0.0,214.0,360.0,1.0,1,1,0,10000.0
0.0,0.0,3.0,0,0.0,128.0,360.0,0.0,1,1,0,4680.0
0.0,0.0,1.0,0,1.0,240.0,360.0,1.0,0,0,1,7787.0
0.0,0.0,3.0,1,1.0,130.0,360.0,1.0,0,0,0,5703.0
0.0,0.0,0.0,0,0.0,137.0,360.0,1.0,0,0,1,6194.0
0.0,0.0,3.0,1,0.0,100.0,360.0,1.0,0,1,0,4833.0
0.0,0.0,0.0,0,0.0,135.0,360.0,1.0,1,0,0,1950.0
0.0,0.0,0.0,0,0.0,131.0,360.0,1.0,0,1,0,5502.0
0.0,0.0,2.0,0,,72.0,360.0,0.0,1,1,0,5000.0
1.0,0.0,2.0,0,0.0,127.0,360.0,,0,1,0,6666.0
0.0,0.0,0.0,0,0.0,60.0,360.0,0.0,1,0,1,2221.0
0.0,0.0,2.0,0,0.0,116.0,360.0,1.0,0,1,0,5726.0
0.0,1.0,0.0,0,0.0,144.0,360.0,1.0,0,1,0,5762.0
0.0,0.0,0.0,0,0.0,175.0,,1.0,0,1,0,8588.0
0.0,0.0,0.0,0,0.0,128.0,360.0,1.0,0,1,0,6250.0
0.0,0.0,0.0,0,0.0,170.0,360.0,1.0,1,0,0,3250.0
0.0,0.0,,1,1.0,138.0,360.0,1.0,1,0,1,4735.0
0.0,0.0,2.0,0,0.0,210.0,360.0,1.0,0,1,0,7945.0
0.0,,,0,0.0,158.0,480.0,1.0,0,1,0,4758.0
0.0,1.0,0.0,0,1.0,200.0,360.0,1.0,0,0,0,6400.0
0.0,0.0,1.0,0,0.0,104.0,360.0,1.0,0,1,0,4545.0
0.0,0.0,0.0,0,,42.0,180.0,1.0,0,0,0,3716.0
0.0,1.0,0.0,1,0.0,120.0,,1.0,0,0,0,5787.0
1.0,1.0,0.0,0,0.0,280.0,360.0,1.0,0,1,0,8333.0
0.0,0.0,1.0,0,0.0,140.0,360.0,1.0,0,1,0,4934.0
0.0,0.0,1.0,0,0.0,170.0,360.0,1.0,0,0,0,6760.0
0.0,0.0,0.0,0,,255.0,360.0,,1,0,1,5746.0
1.0,1.0,0.0,0,1.0,122.0,360.0,,0,0,1,3463.0
1.0,1.0,1.0,0,0.0,112.0,360.0,1.0,0,0,0,3812.0
0.0,0.0,1.0,0,0.0,96.0,360.0,1.0,0,1,0,3315.0
0.0,0.0,2.0,0,0.0,120.0,360.0,1.0,0,0,0,10819.0
0.0,0.0,1.0,1,0.0,140.0,180.0,1.0,1,0,1,4493.0
0.0,1.0,0.0,0,0.0,155.0,60.0,1.0,0,0,1,8666.0
0.0,0.0,2.0,0,1.0,108.0,360.0,1.0,0,0,0,7550.0
0.0,0.0,0.0,1,0.0,123.0,360.0,1.0,0,1,0,7823.0
0.0,1.0,0.0,0,1.0,120.0,180.0,1.0,1,0,1,10383.0
0.0,0.0,2.0,0,0.0,112.0,360.0,1.0,0,0,1,9703.0
0.0,0.0,1.0,1,0.0,137.0,180.0,1.0,0,0,1,6608.0
0.0,0.0,1.0,0,0.0,123.0,480.0,1.0,0,1,0,4725.0
0.0,0.0,0.0,0,0.0,90.0,360.0,1.0,0,0,1,3677.0
0.0,0.0,0.0,1,0.0,201.0,360.0,0.0,1,1,0,5558.0
1.0,1.0,2.0,0,0.0,138.0,360.0,1.0,1,0,1,3427.0
0.0,1.0,0.0,1,1.0,104.0,360.0,1.0,0,0,0,4750.0
0.0,0.0,1.0,1,0.0,279.0,180.0,1.0,0,1,0,9762.0
0.0,1.0,0.0,0,1.0,192.0,360.0,0.0,1,0,1,16250.0
1.0,1.0,3.0,0,0.0,255.0,360.0,1.0,0,0,0,3083.0
0.0,1.0,0.0,1,0.0,115.0,360.0,0.0,1,0,0,6045.0
0.0,0.0,3.0,0,0.0,94.0,360.0,1.0,1,0,1,5250.0
0.0,0.0,0.0,0,0.0,304.0,360.0,1.0,1,0,0,16783.0
0.0,0.0,3.0,1,0.0,128.0,360.0,,1,1,0,4931.0
0.0,0.0,1.0,0,0.0,330.0,360.0,,0,0,1,10333.0
0.0,1.0,0.0,0,0.0,134.0,360.0,1.0,0,1,0,4269.0
1.0,1.0,1.0,0,0.0,155.0,36.0,1.0,1,1,0,3481.0
1.0,1.0,0.0,0,0.0,120.0,360.0,1.0,0,0,0,7200.0
0.0,1.0,0.0,0,1.0,128.0,360.0,1.0,0,1,0,5166.0
0.0,1.0,0.0,0,0.0,151.0,360.0,1.0,0,0,0,7542.0
0.0,0.0,2.0,0,0.0,150.0,360.0,1.0,0,1,0,6095.0
0.0,0.0,3.0,0,0.0,160.0,360.0,0.0,0,0,1,6144.0
1.0,1.0,0.0,0,,135.0,360.0,1.0,1,0,0,3418.0
1.0,1.0,1.0,0,0.0,90.0,360.0,1.0,0,0,1,4436.0
1.0,1.0,0.0,0,0.0,30.0,360.0,1.0,0,0,1,3237.0
0.0,0.0,0.0,0,0.0,136.0,360.0,1.0,0,0,1,11146.0
0.0,1.0,0.0,0,0.0,126.0,360.0,1.0,0,0,0,4690.0
0.0,0.0,0.0,0,0.0,150.0,360.0,1.0,0,1,0,4843.0
0.0,0.0,2.0,0,0.0,90.0,360.0,1.0,0,1,0,3900.0
0.0,0.0,1.0,0,0.0,115.0,360.0,1.0,0,1,0,4592.0
0.0,0.0,0.0,0,0.0,207.0,360.0,1.0,0,1,0,7267.0
0.0,0.0,0.0,0,0.0,80.0,360.0,1.0,0,0,1,4403.0
0.0,0.0,0.0,0,0.0,436.0,360.0,1.0,0,1,0,14583.0
1.0,0.0,0.0,1,0.0,124.0,360.0,,0,0,0,4100.0
0.0,1.0,1.0,1,1.0,158.0,360.0,0.0,1,0,1,6479.0
0.0,0.0,0.0,0,0.0,112.0,360.0,1.0,0,1,0,4727.0
0.0,0.0,2.0,0,0.0,78.0,180.0,1.0,0,0,1,3286.7999878
1.0,1.0,0.0,0,0.0,54.0,360.0,1.0,0,0,1,3477.0
0.0,0.0,0.0,0,0.0,,360.0,1.0,1,0,0,20667.0
0.0,1.0,0.0,0,0.0,89.0,360.0,1.0,0,0,0,6211.0
1.0,1.0,0.0,0,1.0,99.0,300.0,1.0,1,1,0,4317.0
0.0,0.0,0.0,0,0.0,120.0,360.0,1.0,0,0,0,5704.0
1.0,1.0,0.0,0,0.0,115.0,360.0,1.0,0,1,0,4124.0
0.0,1.0,0.0,0,0.0,187.0,360.0,1.0,0,0,0,9508.0
0.0,0.0,0.0,0,0.0,139.0,360.0,1.0,0,0,0,5491.0
0.0,0.0,2.0,0,0.0,127.0,360.0,0.0,1,1,0,4400.0
0.0,0.0,2.0,0,0.0,134.0,360.0,1.0,0,0,1,4713.0
1.0,1.0,,0,0.0,143.0,480.0,0.0,1,0,1,5417.0
0.0,0.0,0.0,0,0.0,172.0,360.0,1.0,0,1,0,5717.0
0.0,0.0,3.0,0,,110.0,360.0,1.0,0,0,1,5666.0
0.0,0.0,1.0,0,0.0,200.0,360.0,1.0,0,1,0,6875.0
1.0,0.0,1.0,0,0.0,135.0,360.0,1.0,0,0,1,4666.0
1.0,1.0,0.0,0,0.0,151.0,480.0,1.0,1,0,0,7541.0
0.0,0.0,1.0,0,0.0,113.0,360.0,1.0,1,0,1,4939.0
0.0,0.0,0.0,1,0.0,93.0,360.0,0.0,1,0,1,4734.0
0.0,0.0,,1,0.0,105.0,360.0,1.0,0,1,0,4625.0
1.0,1.0,0.0,0,0.0,132.0,360.0,1.0,0,0,0,5000.0
0.0,0.0,1.0,0,0.0,96.0,360.0,1.0,0,0,1,3428.0
0.0,1.0,0.0,0,0.0,140.0,360.0,1.0,0,0,0,6500.0
0.0,1.0,0.0,1,0.0,,360.0,1.0,1,0,1,2000.0
1.0,1.0,0.0,0,0.0,135.0,360.0,1.0,0,0,0,5428.0
1.0,1.0,0.0,0,0.0,104.0,360.0,0.0,1,0,1,4263.0
0.0,1.0,0.0,0,0.0,480.0,360.0,1.0,1,0,0,20233.0
0.0,0.0,2.0,1,0.0,185.0,360.0,,0,0,0,7667.0
1.0,1.0,0.0,0,0.0,84.0,360.0,1.0,0,1,0,2917.0
0.0,1.0,0.0,1,0.0,111.0,360.0,1.0,0,1,0,5332.0
1.0,1.0,0.0,0,0.0,56.0,360.0,1.0,0,0,0,2507.0
0.0,0.0,2.0,0,1.0,144.0,84.0,,0,0,0,5746.0
,0.0,0.0,0,0.0,159.0,360.0,1.0,1,0,0,4316.0
0.0,0.0,1.0,1,0.0,111.0,180.0,1.0,0,0,1,5039.0
0.0,0.0,2.0,0,0.0,120.0,360.0,1.0,0,1,0,3717.0
0.0,0.0,0.0,0,0.0,88.0,360.0,,0,0,1,4192.0
1.0,1.0,1.0,0,0.0,112.0,360.0,,0,1,0,3541.0
0.0,0.0,1.0,0,1.0,155.0,360.0,1.0,1,0,0,10000.0
0.0,0.0,0.0,0,0.0,115.0,360.0,1.0,0,1,0,4567.0
0.0,0.0,3.0,0,0.0,124.0,360.0,1.0,0,1,0,4531.0
0.0,0.0,2.0,1,0.0,,360.0,1.0,0,0,0,5191.0
1.0,1.0,0.0,0,0.0,132.0,360.0,,0,0,0,6151.0
0.0,0.0,3.0,0,0.0,300.0,360.0,1.0,0,0,0,15000.0
0.0,0.0,1.0,0,1.0,376.0,360.0,0.0,1,0,0,13649.0
0.0,1.0,0.0,0,0.0,130.0,360.0,0.0,0,0,0,4917.0
0.0,0.0,0.0,0,1.0,184.0,360.0,1.0,0,1,0,7978.0
1.0,0.0,0.0,0,0.0,110.0,360.0,1.0,1,0,1,6784.0
1.0,1.0,0.0,0,0.0,67.0,360.0,1.0,0,0,1,2500.0
0.0,1.0,1.0,0,0.0,117.0,360.0,1.0,0,0,1,6177.0
0.0,1.0,0.0,0,0.0,98.0,360.0,1.0,0,1,0,2935.0
0.0,1.0,,0,0.0,71.0,360.0,1.0,0,0,1,2833.0
,0.0,1.0,0,1.0,182.0,180.0,1.0,0,0,1,11666.0
0.0,0.0,,0,1.0,70.0,,1.0,0,1,0,9993.0
0.0,0.0,1.0,0,,160.0,360.0,1.0,0,0,0,5938.0
0.0,0.0,2.0,0,1.0,176.0,360.0,1.0,0,0,0,7100.0
1.0,1.0,3.0,1,0.0,,360.0,0.0,1,0,1,1830.0
1.0,1.0,0.0,0,0.0,71.0,360.0,1.0,0,1,0,4160.0
0.0,0.0,3.0,1,0.0,173.0,360.0,1.0,1,0,0,4234.0
1.0,1.0,0.0,0,0.0,46.0,360.0,1.0,1,0,0,2378.0
0.0,0.0,1.0,1,0.0,158.0,360.0,1.0,0,0,1,5783.0
0.0,0.0,3.0,1,0.0,74.0,360.0,1.0,0,1,0,3173.0
0.0,0.0,2.0,0,,125.0,360.0,1.0,0,0,0,4913.0
0.0,0.0,0.0,0,0.0,160.0,360.0,1.0,0,1,0,4957.0
0.0,0.0,,1,0.0,152.0,360.0,0.0,1,0,0,6753.0
0.0,0.0,2.0,1,0.0,126.0,360.0,1.0,0,0,1,5251.0
0.0,0.0,0.0,0,0.0,259.0,360.0,,0,1,0,10916.0
0.0,0.0,0.0,0,0.0,187.0,360.0,1.0,0,0,0,8875.0
0.0,0.0,0.0,0,0.0,228.0,360.0,1.0,0,1,0,9083.0
0.0,1.0,0.0,0,0.0,308.0,360.0,1.0,1,0,0,12917.0
0.0,0.0,3.0,0,0.0,95.0,360.0,1.0,0,0,0,4749.0
1.0,0.0,0.0,0,1.0,105.0,360.0,0.0,1,0,0,5500.0
1.0,0.0,0.0,0,0.0,130.0,360.0,1.0,0,1,0,2928.0
1.0,1.0,,0,0.0,116.0,180.0,1.0,0,0,1,3813.0
0.0,0.0,2.0,0,0.0,165.0,360.0,1.0,0,0,0,11500.0
0.0,0.0,1.0,0,0.0,67.0,360.0,1.0,1,0,1,3875.0
0.0,0.0,0.0,1,0.0,100.0,480.0,0.0,1,0,1,4666.0
0.0,0.0,3.0,0,0.0,200.0,360.0,1.0,0,1,0,8334.0
1.0,1.0,1.0,0,0.0,81.0,360.0,1.0,1,1,0,4723.0
0.0,0.0,2.0,0,0.0,236.0,360.0,1.0,0,1,0,8667.0
0.0,0.0,0.0,0,0.0,130.0,360.0,1.0,0,0,1,7083.0
0.0,0.0,0.0,0,0.0,95.0,300.0,,0,0,1,6046.0
0.0,1.0,0.0,0,1.0,141.0,360.0,1.0,0,0,0,6822.0
0.0,1.0,0.0,1,0.0,133.0,360.0,1.0,1,0,0,6216.0
0.0,1.0,0.0,0,0.0,96.0,480.0,1.0,1,1,0,2500.0
0.0,1.0,0.0,0,0.0,124.0,,0.0,1,0,0,5124.0
0.0,0.0,1.0,0,0.0,175.0,360.0,1.0,0,1,0,6325.0
0.0,0.0,0.0,0,0.0,570.0,360.0,1.0,1,0,0,24996.0
1.0,1.0,0.0,0,1.0,55.0,360.0,1.0,0,1,0,15759.0
0.0,0.0,2.0,0,0.0,155.0,360.0,1.0,0,1,0,5185.0
0.0,0.0,2.0,0,1.0,380.0,300.0,1.0,0,0,0,17196.0
0.0,1.0,1.0,0,0.0,111.0,180.0,0.0,1,0,1,5049.0
1.0,1.0,0.0,0,,110.0,360.0,1.0,0,0,1,4223.0
0.0,0.0,0.0,0,0.0,120.0,180.0,1.0,0,0,1,5740.0
0.0,0.0,3.0,0,0.0,130.0,360.0,1.0,0,0,0,13746.0
0.0,0.0,0.0,0,0.0,130.0,360.0,,0,1,0,4310.0
0.0,1.0,0.0,0,0.0,71.0,480.0,1.0,1,0,1,3069.0
0.0,0.0,2.0,0,0.0,130.0,360.0,1.0,0,0,1,5391.0
0.0,0.0,0.0,0,,128.0,360.0,1.0,0,1,0,5833.0
0.0,1.0,0.0,0,0.0,296.0,360.0,1.0,0,1,0,10173.0
1.0,1.0,0.0,0,0.0,156.0,360.0,1.0,0,0,1,6000.0
0.0,1.0,0.0,0,1.0,128.0,360.0,1.0,0,0,1,7167.0
0.0,0.0,2.0,0,0.0,100.0,360.0,1.0,1,0,1,4566.0
0.0,1.0,1.0,0,,113.0,180.0,1.0,0,0,1,3667.0
0.0,1.0,0.0,1,0.0,132.0,360.0,1.0,0,1,0,3946.0
0.0,0.0,0.0,1,0.0,,360.0,0.0,1,0,1,6146.0
0.0,0.0,0.0,0,0.0,136.0,360.0,1.0,0,0,1,4750.0
0.0,0.0,0.0,0,0.0,125.0,360.0,1.0,0,0,0,5488.0
0.0,1.0,3.0,0,0.0,185.0,360.0,1.0,0,0,0,9167.0
0.0,0.0,3.0,0,0.0,275.0,360.0,1.0,0,0,0,9504.0
0.0,0.0,0.0,0,0.0,120.0,360.0,,0,0,1,4698.0
0.0,0.0,2.0,1,0.0,113.0,180.0,1.0,0,1,0,3618.0
0.0,0.0,2.0,0,0.0,113.0,360.0,1.0,0,0,1,4500.0
0.0,0.0,2.0,0,0.0,135.0,360.0,,0,1,0,3760.0
1.0,1.0,0.0,0,0.0,71.0,360.0,0.0,1,0,1,3180.0
0.0,0.0,0.0,0,0.0,95.0,360.0,1.0,0,0,1,4492.0
0.0,1.0,0.0,1,0.0,109.0,360.0,1.0,0,0,0,5568.0
1.0,1.0,0.0,0,0.0,103.0,360.0,0.0,1,1,0,3300.0
0.0,0.0,2.0,1,0.0,45.0,180.0,0.0,1,0,1,2889.0
0.0,1.0,0.0,1,0.0,65.0,300.0,1.0,1,0,0,2755.0
0.0,1.0,0.0,0,0.0,103.0,360.0,1.0,0,1,0,22500.0
1.0,1.0,0.0,1,0.0,53.0,360.0,1.0,0,1,0,1963.0
1.0,1.0,0.0,0,1.0,194.0,360.0,1.0,1,0,0,7441.0
1.0,1.0,0.0,0,0.0,115.0,360.0,1.0,0,1,0,4547.0
0.0,0.0,0.0,1,0.0,115.0,360.0,1.0,0,0,1,4567.0
1.0,1.0,0.0,1,0.0,66.0,360.0,1.0,0,0,0,2213.0
0.0,0.0,1.0,0,0.0,152.0,300.0,0.0,1,1,0,8300.0
1.0,1.0,1.0,1,1.0,62.0,360.0,1.0,1,1,0,3867.0
0.0,0.0,0.0,0,,160.0,360.0,,0,0,1,6256.0
0.0,0.0,0.0,1,0.0,218.0,360.0,0.0,1,0,0,6096.0
0.0,0.0,0.0,1,0.0,110.0,360.0,1.0,0,0,0,4286.0
1.0,0.0,0.0,1,0.0,178.0,360.0,0.0,1,1,0,5386.0
1.0,1.0,0.0,0,0.0,60.0,360.0,1.0,0,0,1,2995.0
1.0,1.0,1.0,0,0.0,160.0,360.0,1.0,1,0,1,2600.0
0.0,0.0,2.0,0,1.0,239.0,360.0,1.0,1,0,1,21600.0
0.0,0.0,0.0,0,0.0,112.0,360.0,1.0,0,0,0,3798.0
0.0,0.0,0.0,0,0.0,138.0,360.0,1.0,0,1,0,4663.0
0.0,0.0,0.0,0,0.0,138.0,360.0,1.0,0,0,0,5829.0
1.0,1.0,0.0,1,0.0,80.0,,0.0,1,0,1,2720.0
0.0,0.0,0.0,0,0.0,100.0,360.0,1.0,0,0,1,3539.0
0.0,0.0,1.0,0,0.0,110.0,,0.0,1,0,1,8917.0
0.0,0.0,0.0,0,0.0,96.0,360.0,1.0,0,1,0,14880.0
0.0,0.0,0.0,0,0.0,121.0,360.0,1.0,0,0,0,6966.0
1.0,1.0,1.0,1,0.0,81.0,360.0,1.0,1,0,0,4606.0
0.0,0.0,2.0,0,0.0,133.0,360.0,1.0,0,1,0,5935.0
0.0,0.0,0.0,0,0.0,87.0,360.0,1.0,0,0,0,2936.12000084
0.0,1.0,0.0,1,0.0,60.0,180.0,1.0,0,0,1,2717.0
1.0,1.0,1.0,0,1.0,150.0,360.0,1.0,0,1,0,8624.0
0.0,1.0,0.0,0,0.0,105.0,360.0,0.0,1,0,0,6500.0
0.0,1.0,0.0,0,,405.0,360.0,1.0,0,1,0,12876.0
0.0,0.0,0.0,0,0.0,143.0,360.0,1.0,0,1,0,4765.0
0.0,1.0,0.0,0,0.0,100.0,360.0,1.0,0,0,1,3750.0
1.0,,,0,0.0,,240.0,1.0,0,1,0,10047.0
0.0,1.0,0.0,0,0.0,50.0,360.0,1.0,0,1,0,3777.0
0.0,0.0,0.0,0,0.0,,360.0,1.0,0,0,1,3338.0
0.0,1.0,0.0,0,1.0,187.0,360.0,0.0,1,0,1,10416.0
1.0,0.0,0.0,1,1.0,138.0,360.0,1.0,0,0,0,7142.0
0.0,1.0,0.0,0,0.0,187.0,360.0,1.0,0,1,0,8724.0
0.0,0.0,0.0,0,0.0,180.0,360.0,1.0,0,0,0,9734.0
0.0,1.0,3.0,1,0.0,148.0,360.0,1.0,0,1,0,6700.0
0.0,0.0,0.0,0,0.0,175.0,300.0,,0,0,0,15666.0
0.0,0.0,1.0,0,1.0,130.0,360.0,1.0,0,0,0,4676.0
0.0,0.0,2.0,1,0.0,110.0,360.0,1.0,0,0,0,4652.0
0.0,0.0,0.0,0,,55.0,360.0,1.0,1,0,0,4915.0
0.0,0.0,2.0,0,0.0,150.0,360.0,0.0,1,0,0,5050.0
0.0,1.0,1.0,1,1.0,190.0,360.0,,1,1,0,4311.0
0.0,0.0,2.0,1,0.0,125.0,360.0,0.0,1,0,0,3564.0
0.0,0.0,2.0,1,0.0,60.0,300.0,,0,0,1,3414.0
0.0,0.0,0.0,0,0.0,149.0,360.0,0.0,1,0,0,5681.0
0.0,0.0,0.0,0,0.0,90.0,180.0,0.0,0,0,0,4949.0
0.0,1.0,0.0,0,1.0,84.0,360.0,1.0,0,1,0,7085.0
0.0,0.0,2.0,0,0.0,96.0,360.0,1.0,0,1,0,3859.0
0.0,0.0,0.0,0,0.0,118.0,360.0,1.0,0,0,1,4301.0
0.0,0.0,0.0,0,0.0,173.0,360.0,1.0,1,0,1,6277.0
0.0,1.0,2.0,0,0.0,136.0,360.0,1.0,0,0,0,4354.0
0.0,0.0,0.0,0,0.0,160.0,360.0,1.0,1,1,0,8334.0
,0.0,0.0,0,1.0,160.0,360.0,,0,1,0,6166.0
0.0,0.0,3.0,0,0.0,128.0,180.0,1.0,0,0,1,7740.0
0.0,0.0,0.0,0,0.0,153.0,360.0,1.0,0,0,0,5203.0
1.0,1.0,1.0,1,,132.0,360.0,1.0,0,1,0,5191.0
0.0,1.0,0.0,0,0.0,98.0,360.0,0.0,1,1,0,4166.0
0.0,1.0,0.0,0,0.0,140.0,360.0,1.0,0,0,0,6000.0
0.0,0.0,3.0,1,0.0,70.0,180.0,0.0,1,0,1,4611.0
,0.0,0.0,0,0.0,110.0,360.0,1.0,0,1,0,16692.0
1.0,0.0,2.0,1,,98.0,360.0,1.0,0,1,0,3127.0
0.0,0.0,0.0,0,0.0,110.0,360.0,1.0,1,0,1,6784.0
0.0,0.0,1.0,0,1.0,162.0,360.0,1.0,0,1,0,5529.0
0.0,0.0,1.0,1,0.0,113.0,180.0,0.0,1,0,0,4153.0
0.0,0.0,3.0,0,0.0,100.0,360.0,1.0,0,1,0,4691.0
1.0,1.0,0.0,0,1.0,93.0,360.0,,0,0,1,2500.0
0.0,1.0,2.0,0,0.0,162.0,360.0,1.0,0,0,0,10180.0
0.0,0.0,2.0,0,1.0,150.0,360.0,1.0,0,0,0,17539.0
0.0,0.0,2.0,0,0.0,230.0,300.0,1.0,0,1,0,8450.0
,0.0,2.0,0,0.0,132.0,360.0,0.0,1,1,0,4745.0
0.0,0.0,1.0,0,1.0,86.0,360.0,1.0,0,1,0,18917.0
0.0,0.0,2.0,0,0.0,,360.0,1.0,1,0,1,4550.0
1.0,1.0,0.0,1,0.0,154.0,360.0,1.0,0,0,0,4350.0
0.0,0.0,3.0,1,0.0,113.0,360.0,1.0,0,0,0,3095.0
0.0,0.0,0.0,0,0.0,128.0,360.0,1.0,0,1,0,5233.0
0.0,0.0,0.0,0,0.0,234.0,360.0,1.0,0,1,0,10833.0
0.0,0.0,2.0,0,0.0,246.0,360.0,1.0,0,1,0,8333.0
0.0,0.0,1.0,1,0.0,131.0,360.0,1.0,0,0,0,4394.0
0.0,1.0,2.0,0,0.0,80.0,360.0,0.0,1,0,0,3547.0
0.0,0.0,1.0,0,0.0,500.0,360.0,1.0,1,0,1,18333.0
0.0,0.0,2.0,0,1.0,160.0,360.0,1.0,0,1,0,6666.0
0.0,1.0,0.0,0,0.0,75.0,360.0,1.0,1,0,1,2435.0
0.0,1.0,0.0,1,0.0,96.0,360.0,,0,1,0,5484.0
0.0,0.0,1.0,1,0.0,186.0,360.0,,0,0,1,6464.0
0.0,1.0,0.0,1,0.0,110.0,360.0,1.0,0,0,0,3691.0
1.0,1.0,0.0,1,1.0,225.0,360.0,1.0,0,1,0,17263.0
0.0,0.0,0.0,0,0.0,119.0,360.0,0.0,1,0,0,5754.0
1.0,0.0,1.0,0,0.0,105.0,84.0,1.0,0,1,0,4239.0
0.0,0.0,0.0,1,0.0,107.0,360.0,1.0,0,0,0,4300.0
0.0,0.0,0.0,0,0.0,111.0,12.0,,0,0,1,7482.0
0.0,0.0,1.0,0,1.0,95.0,360.0,1.0,0,1,0,2895.0
0.0,1.0,0.0,0,0.0,209.0,360.0,0.0,1,0,0,10699.0
1.0,1.0,0.0,0,0.0,113.0,480.0,1.0,0,0,0,4328.0
1.0,1.0,0.0,0,0.0,100.0,360.0,1.0,0,1,0,3159.0
0.0,0.0,2.0,0,0.0,208.0,360.0,1.0,0,1,0,10489.0
0.0,0.0,1.0,1,0.0,138.0,360.0,,1,0,0,9352.0
0.0,0.0,0.0,1,0.0,124.0,300.0,1.0,0,1,0,5297.0
0.0,0.0,2.0,0,0.0,243.0,360.0,1.0,0,0,0,7926.0
,1.0,0.0,0,0.0,96.0,360.0,1.0,1,0,1,3583.0
0.0,0.0,0.0,0,1.0,188.0,360.0,1.0,0,0,1,5492.0
1.0,1.0,1.0,0,0.0,40.0,360.0,1.0,0,0,1,13262.0
0.0,1.0,0.0,1,0.0,100.0,360.0,1.0,1,0,0,4885.0
0.0,0.0,1.0,0,0.0,250.0,360.0,1.0,0,1,0,8069.0
0.0,0.0,2.0,0,0.0,148.0,360.0,1.0,0,0,1,5318.0
0.0,0.0,0.0,0,0.0,70.0,180.0,1.0,1,1,0,8796.0
0.0,1.0,0.0,0,0.0,311.0,360.0,1.0,1,0,0,9481.0
0.0,0.0,3.0,0,0.0,150.0,360.0,1.0,0,0,0,6894.0
1.0,0.0,2.0,0,0.0,113.0,480.0,1.0,0,1,0,3663.0
0.0,0.0,,1,0.0,123.0,360.0,0.0,1,1,0,4874.0
0.0,1.0,0.0,0,0.0,185.0,360.0,1.0,1,1,0,6598.0
1.0,1.0,0.0,1,0.0,95.0,360.0,1.0,1,0,0,3400.0
0.0,0.0,2.0,1,0.0,45.0,360.0,1.0,0,1,0,3934.0
0.0,1.0,0.0,0,0.0,55.0,360.0,1.0,0,1,0,2500.0
0.0,0.0,3.0,0,1.0,100.0,360.0,1.0,0,0,0,7101.0
0.0,0.0,2.0,0,1.0,480.0,360.0,1.0,0,0,0,15114.0
0.0,1.0,0.0,0,0.0,,360.0,1.0,1,1,0,6767.0
0.0,0.0,2.0,0,1.0,400.0,360.0,1.0,0,0,0,17500.0
0.0,0.0,0.0,0,0.0,110.0,360.0,1.0,0,1,0,3775.0
0.0,0.0,1.0,1,0.0,161.0,360.0,0.0,0,1,0,6715.0
0.0,1.0,1.0,1,0.0,94.0,360.0,1.0,0,1,0,3981.0
0.0,1.0,0.0,1,0.0,130.0,360.0,1.0,0,1,0,6783.0
0.0,0.0,0.0,0,0.0,216.0,360.0,,0,0,0,6525.0
0.0,0.0,3.0,0,0.0,100.0,360.0,1.0,0,0,1,4281.0
0.0,1.0,2.0,0,0.0,110.0,360.0,0.0,1,0,0,3588.0
0.0,1.0,1.0,0,0.0,196.0,360.0,,1,1,0,11250.0
1.0,1.0,0.0,1,1.0,125.0,360.0,1.0,0,0,1,18165.0
0.0,1.0,0.0,1,,126.0,360.0,1.0,0,0,0,4592.0
0.0,0.0,0.0,0,0.0,324.0,360.0,1.0,0,0,1,10039.0
0.0,1.0,2.0,0,0.0,107.0,360.0,1.0,0,1,0,3617.0
0.0,0.0,0.0,1,0.0,66.0,360.0,1.0,1,0,0,3453.0
0.0,0.0,3.0,0,0.0,157.0,180.0,1.0,0,0,0,6417.0
1.0,0.0,1.0,0,0.0,140.0,180.0,1.0,0,1,0,7453.0
1.0,1.0,0.0,0,0.0,99.0,360.0,0.0,1,1,0,2138.0
1.0,1.0,1.0,0,,95.0,360.0,1.0,0,1,0,3652.0
0.0,0.0,1.0,1,0.0,128.0,360.0,1.0,0,0,1,4763.0
1.0,0.0,0.0,1,0.0,102.0,360.0,,0,1,0,3680.0
0.0,0.0,0.0,0,0.0,155.0,360.0,1.0,0,0,0,4718.0
0.0,1.0,0.0,1,0.0,80.0,36.0,1.0,1,1,0,3358.0
0.0,1.0,0.0,0,0.0,145.0,360.0,1.0,0,0,0,4309.0
1.0,1.0,0.0,0,0.0,103.0,360.0,0.0,1,1,0,5000.0
0.0,0.0,0.0,0,0.0,110.0,360.0,1.0,0,0,0,4801.0
0.0,0.0,2.0,0,1.0,,360.0,0.0,1,0,0,6633.0
0.0,0.0,1.0,1,0.0,,360.0,1.0,0,0,0,4867.0
0.0,0.0,1.0,0,0.0,158.0,360.0,1.0,0,0,1,6583.0
0.0,0.0,0.0,1,0.0,181.0,360.0,0.0,1,0,1,4787.0
0.0,0.0,0.0,0,0.0,132.0,180.0,0.0,1,0,0,7859.0
0.0,0.0,1.0,0,0.0,26.0,360.0,1.0,0,1,0,6500.0
1.0,1.0,0.0,0,0.0,84.0,360.0,,0,0,1,4292.0
0.0,0.0,3.0,0,1.0,260.0,360.0,1.0,0,1,0,10139.0
0.0,0.0,0.0,0,0.0,162.0,360.0,1.0,0,1,0,6556.0
1.0,0.0,0.0,0,0.0,182.0,360.0,1.0,0,1,0,6486.0
0.0,0.0,2.0,1,0.0,108.0,360.0,1.0,0,1,0,3917.0
1.0,0.0,1.0,0,1.0,600.0,360.0,1.0,0,1,0,19484.0
0.0,0.0,0.0,0,0.0,211.0,360.0,1.0,0,0,0,7977.0
0.0,1.0,0.0,1,1.0,132.0,360.0,1.0,0,1,0,5800.0
0.0,0.0,2.0,0,0.0,258.0,360.0,0.0,1,0,1,8799.0
0.0,0.0,0.0,1,0.0,120.0,360.0,,0,0,0,4467.0
0.0,1.0,0.0,0,0.0,70.0,360.0,1.0,0,0,1,3333.0
0.0,0.0,3.0,0,0.0,123.0,360.0,0.0,1,0,0,5900.0
1.0,1.0,0.0,0,0.0,9.0,360.0,1.0,1,0,1,2378.0
0.0,0.0,0.0,0,0.0,104.0,360.0,0.0,1,0,1,5230.0
0.0,0.0,1.0,0,0.0,186.0,360.0,1.0,0,0,1,5167.0
0.0,0.0,,0,0.0,165.0,360.0,0.0,1,0,1,6567.0
0.0,0.0,2.0,0,0.0,275.0,360.0,1.0,0,0,1,16666.0
0.0,0.0,2.0,1,0.0,187.0,480.0,1.0,1,1,0,7750.0
0.0,0.0,3.0,0,0.0,150.0,360.0,1.0,1,1,0,6406.0
0.0,0.0,2.0,0,0.0,108.0,84.0,1.0,0,0,1,3620.0
,0.0,0.0,0,0.0,136.0,360.0,0.0,1,1,0,5297.0
0.0,1.0,0.0,0,0.0,110.0,360.0,1.0,0,0,1,5968.0
0.0,0.0,1.0,0,0.0,107.0,360.0,1.0,0,0,0,4014.0
0.0,1.0,0.0,0,,161.0,360.0,1.0,0,0,1,6099.0
0.0,0.0,2.0,0,0.0,205.0,360.0,1.0,0,1,0,6540.0
1.0,0.0,0.0,0,0.0,36.0,360.0,1.0,0,1,0,3166.0
0.0,0.0,1.0,0,0.0,61.0,360.0,,1,0,0,1880.0
0.0,0.0,1.0,0,0.0,146.0,360.0,0.0,1,0,0,4704.0
0.0,0.0,1.0,0,0.0,172.0,84.0,1.0,1,0,0,7283.0
0.0,0.0,0.0,0,0.0,104.0,360.0,1.0,0,0,1,3819.0
1.0,1.0,0.0,1,0.0,70.0,360.0,1.0,0,1,0,2165.0
,1.0,0.0,0,0.0,94.0,360.0,1.0,0,1,0,4750.0
0.0,0.0,2.0,0,1.0,106.0,360.0,0.0,1,1,0,2726.0
0.0,0.0,0.0,0,0.0,56.0,180.0,1.0,0,1,0,6416.0
0.0,0.0,2.0,0,1.0,205.0,240.0,1.0,1,1,0,6000.0
,1.0,3.0,0,1.0,292.0,360.0,1.0,0,1,0,9357.0
0.0,0.0,0.0,0,0.0,142.0,180.0,1.0,0,0,0,7159.0
0.0,0.0,0.0,0,1.0,260.0,360.0,1.0,0,0,1,16120.0
0.0,1.0,0.0,1,0.0,110.0,360.0,1.0,0,0,0,3833.0
0.0,0.0,2.0,1,1.0,187.0,360.0,1.0,1,0,0,7383.0
0.0,1.0,,0,0.0,88.0,360.0,0.0,1,1,0,2987.0
0.0,0.0,0.0,0,1.0,180.0,360.0,1.0,0,0,0,9963.0
0.0,0.0,2.0,0,0.0,192.0,360.0,1.0,0,0,1,5780.0
0.0,0.0,0.0,1,,155.0,360.0,1.0,0,0,0,5686.0
0.0,0.0,3.0,0,0.0,128.0,360.0,1.0,0,0,1,5703.0
0.0,1.0,0.0,0,0.0,172.0,360.0,1.0,0,0,0,7977.0
1.0,0.0,1.0,0,0.0,496.0,360.0,1.0,0,1,0,12000.0
0.0,0.0,0.0,1,0.0,,180.0,1.0,1,0,1,6200.0
0.0,0.0,1.0,0,0.0,173.0,360.0,1.0,0,1,0,5900.0
0.0,0.0,2.0,1,0.0,157.0,360.0,1.0,0,0,0,5398.0
0.0,0.0,0.0,0,0.0,108.0,360.0,1.0,0,0,0,5182.0
1.0,1.0,0.0,0,0.0,71.0,360.0,1.0,0,0,0,2900.0
0.0,0.0,3.0,0,0.0,40.0,180.0,1.0,0,0,0,4106.0
0.0,0.0,1.0,0,0.0,253.0,360.0,1.0,0,0,1,8312.0
0.0,0.0,2.0,0,0.0,187.0,360.0,1.0,0,0,1,7583.0
1.0,1.0,0.0,0,1.0,133.0,360.0,0.0,1,1,0,4583.0
